<application>
  <component name="FileTypeManager" version="17">
    <extensionMap>
      <mapping pattern="yaml-lint" type="PLAIN_TEXT" />
      <mapping pattern=".nvmrc" type="PLAIN_TEXT" />
      <mapping pattern="Covid19RefundNoticeCartCard" type="PLAIN_TEXT" />
      <mapping pattern="RedirectIfHasShippingLabelsAddOn" type="PLAIN_TEXT" />
      <mapping pattern="CODEOWNERS" type="PLAIN_TEXT" />
      <mapping pattern="validate-features" type="PLAIN_TEXT" />
      <mapping pattern="DomainRecommendationsTest" type="PLAIN_TEXT" />
      <mapping ext="bs" type="PLAIN_TEXT" />
      <mapping ext="stub" type="PLAIN_TEXT" />
      <mapping pattern=".ecom-ci" type="YAML" />
      <mapping ext="rocks" type="YAML" />
      <removed_mapping ext="stubphp" approved="true" type="PHP" />
      <removed_mapping pattern="CreateAdyenOriginKey.php" approved="true" type="PLAIN_TEXT" />
    </extensionMap>
  </component>
</application>