<application>
  <component name="MessDetector">
    <phpmd_settings_migrated />
  </component>
  <component name="PhpCodeSniffer">
    <phpcs_settings_migrated />
    <phpcs_settings>
      <PhpCSConfiguration standards="MySource;PEAR;PSR1;PSR2;PSRW;Squiz;Zend" tool_path="$USER_HOME$/.composer/vendor/bin/phpcs" />
    </phpcs_settings>
  </component>
  <component name="PhpInterpreters">
    <interpreters>
      <interpreter home="/usr/local/Cellar/php56/5.6.27_4/bin/php" id="659e4a50-472e-42f9-87f0-230dcb100de9" name="PHP 5.5" debugger_id="php.debugger.XDebug" />
      <interpreter home="/usr/local/Cellar/php71/7.1.1_12/bin/php" id="08eae4da-9a68-4be5-9000-2cd8280fd78e" name="local PHP 7.1" debugger_id="php.debugger.XDebug" />
      <interpreter home="/usr/local/bin/php" id="79fe9408-c426-40c6-b192-2352da594c4e" name="local active php" debugger_id="php.debugger.XDebug" />
    </interpreters>
  </component>
  <component name="PhpInterpretersPhpInfoCache">
    <phpInfoCache>
      <interpreter name="local active php">
        <phpinfo binary_type="PHP" php_cgi="/usr/local/Cellar/php/7.4.2/bin/php-cgi" php_cli="/usr/local/Cellar/php/7.4.2/bin/php" path_separator=":" version="7.4.2">
          <additional_php_ini>/usr/local/etc/php/7.4/conf.d/ext-opcache.ini</additional_php_ini>
          <configuration_file>/usr/local/etc/php/7.4/php.ini</configuration_file>
          <configuration_options>
            <configuration_option name="include_path" value=".:/usr/local/Cellar/php/7.4.2/share/php/pear" />
          </configuration_options>
          <debuggers>
            <debugger_info debugger="xdebug" debugger_version="2.9.2">
              <debug_extensions />
            </debugger_info>
          </debuggers>
          <loaded_extensions>
            <extension name="Core" />
            <extension name="FFI" />
            <extension name="PDO" />
            <extension name="PDO_ODBC" />
            <extension name="Phar" />
            <extension name="Reflection" />
            <extension name="SPL" />
            <extension name="SimpleXML" />
            <extension name="Zend OPcache" />
            <extension name="bcmath" />
            <extension name="bz2" />
            <extension name="calendar" />
            <extension name="ctype" />
            <extension name="curl" />
            <extension name="date" />
            <extension name="dba" />
            <extension name="dom" />
            <extension name="exif" />
            <extension name="fileinfo" />
            <extension name="filter" />
            <extension name="ftp" />
            <extension name="gd" />
            <extension name="gettext" />
            <extension name="gmp" />
            <extension name="hash" />
            <extension name="iconv" />
            <extension name="intl" />
            <extension name="json" />
            <extension name="ldap" />
            <extension name="libxml" />
            <extension name="mbstring" />
            <extension name="mysqli" />
            <extension name="mysqlnd" />
            <extension name="odbc" />
            <extension name="openssl" />
            <extension name="pcntl" />
            <extension name="pcre" />
            <extension name="pdo_dblib" />
            <extension name="pdo_mysql" />
            <extension name="pdo_pgsql" />
            <extension name="pdo_sqlite" />
            <extension name="pgsql" />
            <extension name="phpdbg_webhelper" />
            <extension name="posix" />
            <extension name="pspell" />
            <extension name="readline" />
            <extension name="session" />
            <extension name="shmop" />
            <extension name="soap" />
            <extension name="sockets" />
            <extension name="sodium" />
            <extension name="sqlite3" />
            <extension name="standard" />
            <extension name="sysvmsg" />
            <extension name="sysvsem" />
            <extension name="sysvshm" />
            <extension name="tidy" />
            <extension name="tokenizer" />
            <extension name="xdebug" />
            <extension name="xml" />
            <extension name="xmlreader" />
            <extension name="xmlrpc" />
            <extension name="xmlwriter" />
            <extension name="xsl" />
            <extension name="zip" />
            <extension name="zlib" />
          </loaded_extensions>
        </phpinfo>
      </interpreter>
    </phpInfoCache>
  </component>
</application>