<application>
  <component name="ProjectManager">
    <defaultProject>
      <component name="Encoding" addBOMForNewFiles="with NO BOM" />
      <component name="PhpCodeSniffer">
        <phpcs_settings>
          <PhpCSConfiguration standards="MySource;PEAR;PSR1;PSR2;PSRW;Squiz;Zend" tool_path="$USER_HOME$/.composer/vendor/bin/phpcs" />
        </phpcs_settings>
      </component>
      <component name="PhpWorkspaceProjectConfiguration" backward_compatibility_performed="true" />
      <component name="PropertiesComponent">
        <property name="nodejs_interpreter_path.stuck_in_default_project" value="undefined stuck path" />
        <property name="nodejs_npm_path_reset_for_default_project" value="true" />
        <property name="settings.editor.selected.configurable" value="project.propDebugger" />
        <property name="settings.editor.splitter.proportion" value="0.2" />
      </component>
    </defaultProject>
  </component>
</application>