<application>
  <component name="ApplicationTasksOptions">
    <TaskOptions isEnabled="false">
      <option name="arguments" value="" />
      <option name="checkSyntaxErrors" value="true" />
      <option name="description" value="" />
      <option name="exitCodeBehavior" value="ERROR" />
      <option name="fileExtension" value="*" />
      <option name="immediateSync" value="true" />
      <option name="name" value="rsync" />
      <option name="output" value="" />
      <option name="outputFilters">
        <array />
      </option>
      <option name="outputFromStdout" value="false" />
      <option name="program" value="/usr/local/bin/wsync" />
      <option name="scopeName" value="Project Files" />
      <option name="trackOnlyRoot" value="false" />
      <option name="workingDir" value="" />
      <envs />
    </TaskOptions>
  </component>
</application>