<keymap version="1" name="Default copy" parent="Mac OS X 10.5+">
  <action id="ActivateProjectToolWindow">
    <keyboard-shortcut first-keystroke="meta back_quote" />
  </action>
  <action id="CodeInspection.OnEditor" />
  <action id="CommentByLineComment">
    <keyboard-shortcut first-keystroke="meta divide" />
  </action>
  <action id="EditorCloneCaretAbove">
    <keyboard-shortcut first-keystroke="shift up" />
  </action>
  <action id="EditorCloneCaretBelow">
    <keyboard-shortcut first-keystroke="shift down" />
  </action>
  <action id="EditorDownWithSelection" />
  <action id="EditorSelectLine">
    <keyboard-shortcut first-keystroke="shift ctrl l" />
  </action>
  <action id="EditorToggleShowWhitespaces">
    <keyboard-shortcut first-keystroke="meta i" />
  </action>
  <action id="EditorUpWithSelection" />
  <action id="FileChooser.TogglePathShowing" />
  <action id="GotoFile" />
  <action id="Images.Editor.ActualSize">
    <keyboard-shortcut first-keystroke="meta divide" />
  </action>
  <action id="Images.Editor.ToggleGrid" />
  <action id="NextProjectWindow" />
  <action id="NextWindow" />
  <action id="ParameterInfo" />
  <action id="SearchEverywhere">
    <keyboard-shortcut first-keystroke="meta p" />
  </action>
  <action id="SplitVertically">
    <keyboard-shortcut first-keystroke="meta slash" />
  </action>
  <action id="SwitchApply">
    <keyboard-shortcut first-keystroke="ctrl alt enter" />
  </action>
  <action id="SwitchDown">
    <keyboard-shortcut first-keystroke="ctrl alt down" />
  </action>
  <action id="SwitchLeft">
    <keyboard-shortcut first-keystroke="ctrl alt left" />
  </action>
  <action id="SwitchRight">
    <keyboard-shortcut first-keystroke="ctrl alt right" />
  </action>
  <action id="SwitchUp">
    <keyboard-shortcut first-keystroke="ctrl alt up" />
  </action>
  <action id="Tool_External Tools_Open On Github">
    <keyboard-shortcut first-keystroke="shift meta o" />
  </action>
  <action id="VcsHistory.ShowAllAffected" />
  <action id="org.intellij.plugins.markdown.ui.actions.editorLayout.CyclicSplitLayoutChangeAction" />
</keymap>